text,label
"Ufotable rendering Hinokami Kagura with that hand-drawn fire-over-3D-camera technique is why the Rui fight hits so much harder than the earlier water-breathing animation. The studio escalates the visual language exactly when Tanjiro unlocks a new style, so the animation is doing narrative work, not just looking good.",analysis
"Akaza losing to Tanjiro and Giyu isn't a powerscaling inconsistency. His regeneration was tied to his refusal to die, and the fight shows him starting to remember Koyuki right as he stops healing. The defeat is psychological and his backstory sets it up - the feats line up once you track when his regen actually fails.",analysis
"Rengoku is overrated and it's only because he died early. Mid Hashira at best, y'all are just emotional about it.",hot_take
Hot take: the Entertainment District arc is the only genuinely good arc and everything after is a downgrade. Not close.,hot_take
Just watched the Rengoku scene. I am not okay. SET YOUR HEART ABLAZE has been ringing in my head for an hour and I've cried twice.,reaction
Nezuko backstory flashback broke me. Wasn't ready. Why does this show keep doing this on a weeknight.,reaction
Tanjiro low-key beats Sanemi. He learned Hinokami Kagura on the fly against Rui and adapted to Daki's whole fighting style mid-fight - that kind of in-combat growth is exactly what wins against a power-brawler like Sanemi.,hot_take
"The modern-day reincarnation epilogue was a mistake. It deflates the stakes - Tanjiro's world earned a quiet ending, and skipping to happy descendants trades hard-won catharsis for fan-service closure.",analysis
"Demon Slayer is ultimately a narrative about human impermanence versus the static, false eternity of demons. The core mechanic is breathing, an act representing life and human limitation, framing their ultimate victory as a tribute to fleeting willpower.",analysis
"Ufotable's masterclass in adaptation is evident in Tengen versus Gyutaro. By syncing parries with the soundtrack, they visually translated the 'Musical Score' technique, demonstrating how to elevate static manga panels into a kinetic, audio-visual medium.",analysis
"The pacing of the Swordsmith Village arc felt structurally off compared to the Entertainment District because the narrative split across too many fronts, constantly interrupting the emotional tension of Muichiro's solo fight with cutaways to Tanjiro.",analysis
"Tamayo's complex multi-stage poison is one of the most brilliant narrative choices. Instead of giving Tanjiro a cheap power-up to defeat Muzan, the story uses a collaborative, scientific nerf to make a collective human victory believable.",analysis
Zenitsu's split-personality functions as a psychologically grounded defense mechanism. His unconscious state is the only way his mind bypasses crippling performance anxiety and trauma to access the muscle memory of his rigorous training under Jigoro.,analysis
"Kokushibo's Moon Breathing is a brilliant thematic contrast to Yoriichi's Sun Breathing. It represents a desperate, unnatural attempt to imitate his brother's light, reflecting his eternal jealousy through chaotic, crescent-shaped energy blades generated from his own flesh.",analysis
"What makes Tanjiro a refreshing protagonist is his emotional maturity. He analyzes his battlefield logically, calculates his physical limits, and maintains deep compassion for his enemies without ever excusing their monstrous crimes or relying on inner-demon tropes.",analysis
"The decision to adapt the Infinity Castle arc as a trilogy of movies is a brilliant production choice by Ufotable. In a weekly TV format, the constant cliffhangers would feel disjointed; a movie trilogy ensures uninterrupted cinematic flow.",analysis
"Inosuke's character arc is a beautiful transition from a territorial animal to a deeply empathetic human. By the final arc, his rage against Douma is driven entirely by grief and a desire to avenge Shinobu, not mere survival.",analysis
"The tragedy of Akaza's Blood Demon Art is that his techniques mirror his human life. The 'Compass Needle' mimics Koyuki's hairpin, making him a monster trapped in a martial arts style designed to protect the people he lost.",analysis
"Muzan is a fascinatingly pathetic antagonist. He has no grand philosophical plans; his sole drive is cowardly self-preservation. He is a monster with immense power but zero dignity, treating his loyal subordinates as completely disposable tools.",analysis
"Shinobu Kocho's combat style completely redefines the visual language of demon slaying. Lacking the arm strength to decapitate, she utilizes specialized wisteria poison, proving the Demon Slayer Corps is a meritocracy prioritizing intelligence and speed over raw strength.",analysis
"The dynamic between Sanemi and Genya is built on toxic protection. Sanemi's extreme hostility wasn't born out of hatred, but a desperate, flawed attempt to force Genya out of the Corps to keep him safe from an inevitable death.",analysis
"Douma represents a terrifyingly unique kind of villain. Unlike Akaza or Kokushibo, he is completely devoid of empathy or human passion. His ice techniques literally represent his frozen heart, making him the most irredeemable demon in the series.",analysis
"Ufotable seamlessly integrates highly stylized, 2D ukiyo-e woodblock elements with photorealistic 3D water reflections. This synthesis of traditional Japanese art and modern CGI gives the anime its universally appealing aesthetic, bridging the gap between historical fantasy and modern animation.",analysis
"Muichiro's defeat of Gyokko highlights the psychological nature of the Demon Slayer Mark. The mark represents an awakening of his suppressed memories of his twin brother, translating emotional warmth and reclaimed identity into immense combat speed.",analysis
"The Sunrise Countdown arc reverses the standard boss fight formula. The slayers are outmatched, and their only goal is to drag a regenerating monster into the sunlight, turning the final battle into a chaotic, grueling struggle of endurance.",analysis
"Sabito and Makomo's introduction establishes the stakes of the Final Selection. It frames Tanjiro's success not just as personal survival, but as a long-overdue act of justice for Urokodaki's deceased disciples, giving historical weight to the mountain trial.",analysis
"Tengen Uzui's poison resistance is heavily tied to his shinobi background. Unlike other Hashira who rely solely on breathing techniques, his physical resilience to lethal substances proves that his unorthodox, traumatizing past is his greatest asset.",analysis
"Kanao Tsuyuri's character arc is a beautiful exploration of recovering agency after trauma. Through Tanjiro's gentle influence, she slowly learns to trust her own heart, culminating in her heroic, self-sacrificing decision to save him at the end.",analysis
"Yoriichi Tsugikuni is written as a tragic figure burdened by perfection. Despite his god-like power, he failed his three greatest missions: saving his family, destroying Muzan, and preventing his brother's corruption. He lived as a god but died feeling useless.",analysis
"The 'Transparent World' represents peak mindfulness in combat. It highlights the eastern philosophical theme that true strength is achieved through absolute calm and the complete erasure of fighting spirit, rather than relying on aggressive rage and brute force.",analysis
"Gyutaro and Daki's shared existence is a tragic representation of codependency born out of societal neglect. They survived the slums by clinging to each other, creating a dual entity where Gyutaro is the rational brain and Daki is the emotional heart.",analysis
The transition from Water Breathing to Hinokami Kagura is a brilliant narrative symbol of Tanjiro's growth. It shows that he must embrace his family's legacy and his true biological identity to fully unlock his physical potential against the Upper Moons.,analysis
"The Demon King Tanjiro sequence encapsulates the series' core message. Tanjiro's rejection of Muzan's will, aided by the spiritual hands of the deceased Hashira pushing him upward, proves that human connection and legacy ultimately defeat parasitic selfishness.",analysis
Aoi Kanzaki's character highlights the crucial medical logistics of the Demon Slayer Corps. Her confession of cowardice shows that heroism takes many forms; her rehabilitative work at the Butterfly Mansion is just as vital as fighting on the front lines.,analysis
"Gotouge's raw, scratchy ink lines during the final battle perfectly capture the horror and desperation of combat. A highly polished, clean art style would fail to replicate the palpable dirt, sweat, and absolute chaos of the attrition war against Muzan.",analysis
"Hantengu is a psychological study of extreme externalized victimization. His Blood Demon Art literally splits his emotions into independent clones, showing how his mind fragmented to shield his core, cowardly self from the reality of his own guilt.",analysis
"The sound design is crucial for narrative immersion. The distinct, heavy sound effects for each breathing style give a tactile weight to the elemental illusions, helping the audience feel the physical pressure and atmospheric disruption of the martial arts techniques.",analysis
"Shinobu and Tamayo's alliance overcomes centuries of mutual hatred. It is a beautifully written, mature relationship that prioritizes the future of humanity over personal vengeance, uniting their brilliant scientific minds to synthesize a cure for Muzan's corruption.",analysis
"The Butterfly Mansion acts as a vital narrative safe zone. These calm training episodes are essential for pacing, grounding the characters and showing the mundane, peaceful life they are fighting to protect before the next tragedy strikes the group.",analysis
Kaigaku's transformation into a demon is the direct result of a survival-at-all-costs mindset that corrupts his martial arts lineage. Bowing to Kokushibo to save his own life is the ultimate betrayal of Thunder Breathing's moral integrity and historical honor.,analysis
"Genya's death is structurally devastating. Because he ate demon flesh to compensate for his lack of talent, his physical end had to mirror a demon's demise, crumbling away just as he finally achieved the emotional connection with Sanemi he always wanted.",analysis
Urokodaki's decision to give Tanjiro the impossible task of cutting the boulder wasn't cruelty. It was a desperate hope that the boy would fail and thus stay safe from the Final Selection that had already claimed thirteen of his foster children.,analysis
"The Ubuyashiki family's curse frames the demon war as a multigenerational act of penance. It elevates Kagaya's role from a simple military commander to a spiritual patriarch carrying a heavy, centuries-old karmic debt for producing the original demon, Muzan.",analysis
"The Infinity Castle's impossible geometry and shifting gravity is a masterpiece of surreal horror design. Ufotable forces the characters into a constant state of visual disorientation, representing the overwhelming, omnipresent power of Muzan's architectural domain.",analysis
"Mitsuri's Love Breathing is a brilliant physical manifestation of her superhuman muscle density. Her whip-like sword design highlights how Gotouge creates unique weapons tailored specifically to each character's biological traits, making the combat system feel highly organic.",analysis
"Senjuro Rengoku serves as a poignant exploration of living in the shadow of greatness. His decision to break the cycle of family pressure, accept his lack of swordsmanship talent, and support humanity in other ways shows a quiet, realistic kind of courage.",analysis
"The extreme mortality rate of the Final Selection highlights the sheer desperation of the Demon Slayer Corps. It emphasizes that the organization is running on a thread, constantly sacrificing young lives in a brutal, unbalanced war of attrition against an immortal enemy.",analysis
"Muzan's execution of the Lower Moons showcases his toxic leadership and crippling paranoia. Instead of motivating his subordinates, his inability to tolerate failure leads him to dismantle his own organization's lower tier in a fit of irrational, narcissistic rage.",analysis
"Gyokko's artistic pretensions are a brilliant satire of macabre narcissism. His defeat by Muichiro, who calmly and efficiently mocks his terrible, asymmetrical vase designs, is a hilarious and satisfying deconstruction of Gyokko's fragile, self-obsessed ego.",analysis
"Kanae Kocho represents the highly idealistic wing of the Corps that believed in peaceful coexistence. While her death proves the tragic impossibility of her dream, her legacy lives on through Tanjiro's compassionate outlook, showing her ideals weren't in vain.",analysis
"The use of wisteria flowers as a natural demon repellent grounds the supernatural conflict in local Japanese botany and folklore. It turns the war into a literal fight between the natural, blooming earth and Muzan's unnatural, toxic, and parasitic disease.",analysis
"The physical toll of the Demon Slayer Mark—death by age 25—reinforces the theme of human impermanence. The slayers are literally burning their own life force, trading their future years for the immediate power needed to protect humanity's present.",analysis
"Kagaya Ubuyashiki's decision to use his family as explosive bait is the ultimate expression of his iron will. It proves that despite his gentle demeanor, he matches Muzan's utter ruthlessness when it comes to securing a tactical victory for humanity.",analysis
"Murata acts as a vital grounding element in the narrative. As an ordinary slayer with no superhuman traits, his survival through multiple major battles gives the audience a highly relatable baseline perspective among the god-like, elite Hashira.",analysis
"Kokushibo and Yoriichi's dynamic is a masterclass in sibling rivalry taken to mythological extremes. The tragic irony is that even after 400 years of demonic corruption, Kokushibo's final moments reveal that all he ever wanted was to simply be his brother.",analysis
"Nezuko's bamboo muzzle is a powerful visual representation of her voluntary restraint. It serves as a constant, physical reminder to the world that she is a demon who actively chooses to suppress her predatory instincts, defying Muzan's biological determinism.",analysis
The Hashira Training arc effectively transitions the story from monster-of-the-week adventures to a coordinated military campaign. It actively organizes the entire scattered Corps into a unified front for the massive assault inside the Infinity Castle.,analysis
"Tanjuro Kamado's ability to perform the Hinokami Kagura in the freezing snow despite his fragile health shows his absolute mastery of breathing. He passed down the ultimate, ancient combat techniques disguised as a humble, rhythmic family ritual.",analysis
"Nakime's absolute control over the Infinity Castle's layout makes her a tactical nightmare. She can instantly separate enemies and neutralize physical speed, showcasing the immense utility of spatial manipulation and environmental control in combat.",analysis
"Demon Slayer's ending brilliantly avoids the classic shonen trap of power-creep. Tanjiro never becomes a god stronger than Yoriichi, and the victory relies entirely on collaborative effort, maintaining the story's grounded, attritional, and mortal core.",analysis
"Urokodaki's warding masks act as a poignant link between the living and the dead. It shows how his grief and love are physically carved into the wooden gear his students wear, carrying his protective, fatherly spirit into the brutal Final Selection.",analysis
"Rui represents the tragic corruption of family dynamics. He spent his demon life forcing others into a fake, abusive family structure to cope with the profound guilt of killing his real parents, contrasting beautifully with Tanjiro's genuine, organic bond.",analysis
"The parallel storytelling inside the Infinity Castle keeps the reader in a constant state of suspense. Having multiple Hashira fight the Upper Moons simultaneously across shifting rooms makes the overall assault feel like a massive, highly coordinated, chaotic war.",analysis
"Jigoro Kuwajima's decision to commit seppuku after Kaigaku's betrayal shows the absolute depth of his shame. It acts as the ultimate, tragic catalyst that forces Zenitsu to discard his cowardice, grow up, and take his thunder breathing training seriously.",analysis
The elemental visual effects being canonical illusions is a fascinating writing choice. It means the characters aren't casting literal magic spells; they are just using peak human martial arts so perfectly that the sheer atmospheric pressure mimics nature.,analysis
"Iguro and Mitsuri's relationship is a touching exploration of trauma. Iguro's horrific childhood left him feeling too dirty to be near her pure energy, making their promise to find each other in another life a beautiful, bittersweet romantic tragedy.",analysis
Enmu's dream-based combat is a highly insidious form of psychological warfare. Tanjiro's realization that he must repeatedly commit suicide in his dreams showcases his extreme mental fortitude and willingness to endure trauma to protect reality.,analysis
"The Nichirin swords changing color adds a brilliant layer of character expression. Tanjiro's pitch-black sword, historically associated with slayers who die young, perfectly foreshadows his intense struggle and highly adaptable, perilous combat role.",analysis
"Gotouge keeps the plot moving at a relentless pace across 205 chapters. While this limits extensive world-building, it ensures that every single arc has massive stakes and directly contributes to the final climax without bogging down the narrative in endless filler.",analysis
"The transition of Tanjiro's scars into a prominent, flame-like mark visually tracks his mastery of Sun Breathing. It's a subtle visual shorthand showing how his physical body is transforming to accommodate the immense, searing heat of the Hinokami Kagura.",analysis
"Tengen Uzui is massively overrated in powerscaling threads. People place him high just because of a running speed databook ranking, but unmarked Tengen almost died to Upper Moon 6. Akaza or Kokushibo would have sliced him to pieces in ten seconds.",hot_take
"Nezuko is an incredibly boring, one-dimensional character who only exists to be a cute plot device. She spends 90% of her screen time sleeping in a box, and her turning back into a human felt completely unearned because she did nothing to work for it.",hot_take
"Swordsmith Village is easily the worst arc in the entire series. Gyokko was a goofy cartoon character who got soloed effortlessly by Muichiro, completely killing any sense of tension. It felt like a filler arc compared to the Entertainment District.",hot_take
"Zenitsu is the most obnoxious, annoying character in anime history and his screaming completely ruins the serious tone of the show. The asleep gimmick gets old incredibly fast and he should have been left behind to die on Mount Natagumo.",hot_take
Sanemi is an absolute piece of trash who does not deserve any forgiveness. Having a sad backstory does not excuse him stabbing Nezuko and being an insufferable jerk to everyone. Genya's death was practically his fault for refusing to communicate.,hot_take
The Muzan fight was a massive disappointment and the most boring final boss fight in shonen. He literally just stood in the center of the street swinging generic whip-tentacles for thirty chapters. His combat style was incredibly uninspired and lazy.,hot_take
"Kokushibo is a pathetic, entitled loser who took the easy way out because he couldn't handle his brother being naturally better than him. His entire character is built on being a jealous middle-child who sold his soul. Absolute embarrassment.",hot_take
"Unpopular opinion: Akaza was heavily holding back against Tanjiro and Giyu in the Infinity Castle, and they only survived because of pure plot armor. He spent the entire fight playing around and could have turned them into red paint immediately.",hot_take
The Hashira Training arc was nothing but paper-airplane filler and Tengen's wives making food. Extending a five-chapter manga sequence into a whole season was just a lazy cash grab by the studio to delay the final battle and milk the franchise.,hot_take
"Gyutaro is actually stronger than both Gyokko and Hantengu. Muzan literally states that if Gyutaro had fought alone without Daki holding him back, he would have easily wiped out Tengen. His lethal poison makes him Upper Moon 4 material easily.",hot_take
"The ships in this anime are completely terrible and badly written. Giyu and Shinobu have literally zero romantic chemistry and a purely antagonistic relationship, yet the fandom acts like it's the peak of romance. It's completely delusional fan-service.",hot_take
"Unmarked Giyu is actually the weakest Hashira next to Shinobu. His 'Dead Calm' gets instantly shattered by any serious Upper Moon attack, and he was constantly getting rag-dolled by Akaza. People only hype him up because he's the quiet, edgy guy.",hot_take
The modern-day reincarnation epilogue completely ruined the tragic tone of the series. Having everyone reincarnate as happy high school students erased the weight of their sacrifices. It should have just ended with Tanjiro's generation living out their short lives.,hot_take
"Kaigaku had way more potential than Zenitsu and should have been the main Thunder Breath user. His black lightning design is significantly cooler, and he only lost to absolute garbage plot armor so Zenitsu could get a quick hype moment.",hot_take
"Muichiro is extremely overrated. The moment he got his mark, his physical stats boosted so ridiculously high that he soloed an Upper Moon with zero strategy, completely ruining the established rules of power scaling that require multiple slayers to win.",hot_take
"Mugen Train is the most overhyped movie in anime history. The first hour is just a slow, boring sequence of generic dreams, and Enmu was a terrible, uninteresting villain. The Rengoku fight in the last twenty minutes carries the entire film.",hot_take
"Shinobu is actually stronger than half of the Hashira, including Rengoku and Tengen, in a 1v1. Her combat speed completely blitzed Douma, and she would easily inject Rengoku with lethal poison before he could even swing his heavy, slow blade.",hot_take
The demon backstories are cheap manipulative tricks to force sympathy for literal mass-murderers. I don't care that Gyutaro had a sad human life; he spent hundreds of years slaughtering innocent people. Trying to make them redeemable is lazy writing.,hot_take
"Unmarked Sanemi is actually stronger than Marked Giyu. Sanemi soloed and survived against Kokushibo in base for a significant time, whereas Marked Giyu was struggling to keep up with Akaza in a 2v1. Sanemi is leagues above him in combat reflexes.",hot_take
The canonical explanation that breathing styles don't create real elements is the dumbest thing ever. We literally see water splashes and fire trails bending around the swords. Denying they are real completely contradicts what is animated on screen.,hot_take
"Obanai Iguro is the most useless Hashira. He did absolutely nothing for 90% of the manga except sit in a tree talking trash, and his tragic backstory was shoved in at the absolute worst time during the final climax, ruining the pacing completely.",hot_take
"Hantengu's clones have the most overrated abilities in the show. The wooden dragons are slow and easily dodged. The only reason he survived so long is because he hid his tiny body in the grass like a coward, not because he was powerful.",hot_take
"Urokodaki is a terrible teacher who literally sent thirteen children to their deaths. He knew there was a giant mutated demon targeting his students, yet he kept carving those tracking-beacon fox masks that got them killed. He should be in jail.",hot_take
"The Demon King Tanjiro bit felt like a cheap fan-fiction twist designed to give him a physical heal. He became the ultimate demon only to be cured two chapters later, completely deflating the emotional weight of his sacrifice and resolving too fast.",hot_take
"Tamayo is the most redeemable demon and deserved reincarnation far more than Akaza or Kokushibo. The fact that she was left out of the modern-day epilogue while actual child-killers got happy lives is a massive, unforgivable writing failure.",hot_take
"GiyuShino is a toxic ship. Shinobu constantly insults him and tells him he is better off dead, and Giyu put her in a physical chokehold on the mountain. Forcing them into a romantic pairing is just pure fan-service delusion with no basis in canon.",hot_take
"The Upper Moons are incredibly weak compared to other anime villains. The moment the current generation unlocked the mark, they started falling like dominoes, proving their power relies entirely on their regeneration cheat code, not actual combat skill.",hot_take
"Rengoku would have gotten absolutely destroyed by Gyutaro. He has zero poison resistance, and his aggressive Flame Breathing relies on direct head-on clashes, making it incredibly easy for Gyutaro to scratch him. He'd die in two minutes flat.",hot_take
"Zenitsu's 'Seventh Form' is a complete ass-pull. We are explicitly told he could only learn the first form, yet out of nowhere he invents a god-like technique to one-shot Kaigaku with zero prior foreshadowing, training, or logical progression.",hot_take
"Kagaya Ubuyashiki blowing up his own wife and young daughters just to bait Muzan is not heroic, it is completely psychotic. Sacrificing his children shows he is just as cold and detached from human value as Muzan, he just hides it well.",hot_take
"Gyokko is the most disrespected villain in the series. His design is incredibly unique and his BDA is highly lethal. The only reason he is hated is because Ufotable rushed his fight animation to save budget, making his ultimate form look goofy.",hot_take
"Unpopular opinion: The ending of the series is perfect as it is. People who complain about it being 'rushed' just want the story to drag on for 500 chapters with useless filler. A fast-paced, high-stakes conclusion is exactly what we needed.",hot_take
"Kokushibo's six eyes look incredibly stupid and make him look like a goofy bug-man rather than a menacing demon. His sword covered in eyeballs is incredibly tacky and looks like a cheap Halloween prop, completely ruining his visual design.",hot_take
"Tengen Uzui's 'Musical Score' technique is a massive narrative ass-pull. Swinging heavy blades to analyze a demon's attack rhythm and turning it into a literal song you can parry with one arm sounds like a weird JoJo stand ability, not breathing.",hot_take
"Tanjiro is an extremely generic 'nice boy' protagonist lacking any interesting flaws. He always has the moral high ground and everyone immediately loves him. Compared to complex protagonists like Denji or Eren, his character design is incredibly outdated.",hot_take
"Douma is the best-written villain because he is the only demon without a cheap, forced sob-story flashback to make you cry. He was born a sociopath and died an unfeeling monster, making him genuinely chilling and a perfect foil to the slayers.",hot_take
The Hashira are actually terrible at their jobs. They spent decades sitting around while Upper Moons slaughtered thousands. Not knowing about the 'Mark' until Tanjiro showed up proves they were completely incompetent and lazy in their training routines.,hot_take
Yoriichi is a poorly written character who completely ruins the stakes by being an unbeatable god. Introducing someone who can one-shot the main villain with zero flaws makes Tanjiro's entire struggle look completely insignificant and pointless.,hot_take
"Unmarked Giyu versus Base Sanemi is not close at all, Sanemi stomps. Giyu's dead calm would eventually get overwhelmed by Sanemi's relentless speed and marechi blood. Giyu only drew their spar because they used wooden swords and Sanemi wasn't serious.",hot_take
"Nezuko's transition from a badass demon kicking off heads to a quiet, docile human girl at the end is a massive regression. She lost her cool powers and agency just to become a submissive housewife for Zenitsu. Highly disappointing ending for her.",hot_take
"Kaigaku is equal to Gyutaro in combat power. If he had been a demon for a few more months to master his regeneration, his flesh-melting lightning BDA would have easily made him Upper Moon 4 material. Zenitsu just got incredibly lucky with his one-shot.",hot_take
"The animation in Tengen versus Gyutaro had massive clarity issues. Half the fight is just a blur of overlapping neon lines and explosions that make it impossible to follow the actual sword choreography, relying too heavily on digital visual noise.",hot_take
The Ubuyashiki curse is a cheap writing cop-out to give Kagaya a tragic reason to be sick. There is no logical explanation for a family getting a physical illness just because a distant relative turned into a demon centuries ago. Melodramatic trope.,hot_take
Genya eating demon flesh to gain powers makes zero sense. How does human digestion translate a demon's biological cells into temporary superhuman strength and BDA? It's a completely bizarre concept that was barely explained in the actual story.,hot_take
"Muzan being defeated by a bunch of kids with less than a year of serious training is incredibly embarrassing for a 1000-year-old demon lord. It completely destroys the threat level, showing previous generations of Hashira were just entirely incompetent.",hot_take
"Mitsuri's Love Breathing is visually ridiculous. Swinging a pink, flexible ribbon-sword around while screaming about love completely breaks the dark, serious atmosphere of the demon fights. It looks like a magical girl anime rather than historical action.",hot_take
"Shinjuro Rengoku was completely right to tell his sons that being a slayer is a suicidal path. He knew the overwhelming strength of the Upper Moons and realized unmarked slayers are just meat for the grinder. His delivery sucked, but he was proven right.",hot_take
"The Swordsmith Village's extreme secrecy is incredibly stupid. If they are the sole suppliers of Nichirin swords, why are they hiding in a remote forest with no military protection? They should have been heavily garrisoned at the Demon Slayer HQ.",hot_take
"Zenitsu's relationship with Nezuko is borderline harassment. She acts like a literal toddler for most of the show, yet he is constantly screaming about marriage and chasing her around. The fact that they get married in the epilogue is incredibly weird.",hot_take
Leaving the Upper Moon Blood Battles completely off-screen is the biggest missed opportunity in shonen history. Seeing Akaza fight Kokushibo for a ranking would have been significantly more interesting than half the fights we got in the final arc.,hot_take
"Marked Tanjiro is actually stronger than Marked Giyu and Sanemi combined by the end. Once he mastered the 13th form of Sun Breathing, his physical output surpassed any Hashira, making him the absolute strongest slayer next to Yoriichi.",hot_take
Kanao is an extremely boring character and her silence gag gets annoying fast. Her sudden transition into a heroic fighter feels incredibly unearned because she had almost zero development or screen time prior to the final battle with Douma.,hot_take
The Hand Demon on Mount Natagumo was actually a much better written and creepier villain than Gyokko. His tragic backstory and personal connection to Urokodaki gave his fight actual emotional stakes that the higher-ranked Upper Moons completely lacked.,hot_take
Keeping Urokodaki and Shinjuro out of the final battle inside the Infinity Castle was a massive waste of legendary characters. Having two retired Hashira actively assist against Muzan would have been an incredible display of multigenerational teamwork.,hot_take
Akaza not eating women doesn't make him any more redeemable. He still slaughtered thousands of innocent men and destroyed families. The fandom painting him as an honorable gentleman ignores that he is a literal monstrous mass-murderer.,hot_take
"The 'Transparent World' is a cheap visual cheat code introduced way too late just to give characters a way to bypass reaction speeds. Muichiro and Gyomei randomly unlocking it mid-battle completely breaks the established, grounded combat rules.",hot_take
"Demon Slayer would be a completely forgotten, C-tier shonen if it wasn't animated by Ufotable. Gotouge's manga art is messy, the story is generic, and it's the ultimate example of an animation studio completely carrying a mediocre source material.",hot_take
"The final battle would have been infinitely better if Tanjiro actually died from his injuries. His death would have been a beautiful, tragic completion of his journey, but bringing him back with a convenient cure completely ruined the bittersweet tone.",hot_take
"Unmarked Tengen is stronger than Base Giyu. Tengen's physical strength, speed, and shinobi intelligence place him far above Giyu's defensive water blocks. Tengen's explosive dual blades would easily overwhelm Giyu in a serious, head-to-head duel.",hot_take
"The modern-day descendants looking exactly like the main cast is incredibly lazy character design. The author literally just copy-pasted Tanjiro and the Hashira into school uniforms, making it feel like cheap fan-art rather than an official manga finale.",hot_take
Kokushibo inviting you to become a demon just because you have the mark is a massive plot hole. Why would Muzan's strongest subordinate recruit highly skilled slayers who could easily turn on them? It's a completely counterproductive strategy.,hot_take
"Unmarked Shinobu is actually faster than Marked Mitsuri. Shinobu completely outspeeded Douma in short bursts, while Mitsuri struggled to react to Hantengu's dragons. Shinobu is combat-wise one of the most dangerous Hashira and people downplay her.",hot_take
"Tanjiro's continuous inner monologues mid-fight completely kill the pacing. Instead of letting us watch the gorgeous choreography, we have to listen to him explain every single muscle movement, making the combat feel incredibly slow and repetitive.",hot_take
I just finished watching the Mugen Train movie and I am absolutely devastated. I've been crying non-stop for the last hour. Seeing Rengoku smile at his mother's spirit at the end completely broke me. I can't even listen to Homura without tearing up.,reaction
That flashback of Gyutaro and Daki in the snow huddled under a single blanket absolutely destroyed me. The way they chose to go to hell together because they refused to abandon each other is the saddest thing I've ever seen on television.,reaction
"OH MY GOD THE ENDING OF SEASON 2 EPISODE 10!!! My jaw is literally on the floor! The animation during that final clash between Tengen and Gyutaro was absolutely insane! I was screaming at my TV the entire time, goosebumps everywhere!",reaction
I am physically shaking after watching master Ubuyashiki blow up his own house with his wife and kids... I did NOT see that coming! The sudden explosion that took out half the courtyard was absolutely terrifying. The stakes are so incredibly high now!,reaction
"Just finished reading chapter 179 and I am a complete mess... Why did Muichiro and Genya have to die like that?! Genya literally crumbling away while Sanemi screams completely shattered my heart. I am sobbing uncontrollably right now, this is too cruel.",reaction
THE SOUNDBREATHING EFFECTS ARE SO FREAKING LOUD AND FLASHY! Zenitsu's thunderclap and flash god speed scene literally had me jumping out of my seat! The yellow lightning trail across the screen was absolutely phenomenal! I've rewatched it fifty times!,reaction
Akaza's sudden entrance at the end of the train fight literally gave me a heart attack. The immediate shift in atmosphere from relief to pure dread when that heavy electronic soundtrack started playing was absolutely masterclass. I was terrified!,reaction
"I'm sorry but when Nezuko walked out into the sunlight and started speaking her first words, I literally burst into tears. Seeing Tanjiro crying and hugging her while the sun shone on her face was such a beautiful, cathartic moment! My heart is full!",reaction
"THAT END OF SEASON 3 EPISODE WITH ALL THE SLAYERS FALLING INTO THE INFINITY CASTLE!!! The camera panning upside down and that epic, ominous Biwa sound echoing as they fall into the dark was absolutely breathtaking! I was screaming at the screen!",reaction
"I am absolutely heartbroken after reading Akaza's backstory. Seeing Hakuji lose his father, Keizo, and Koyuki to that cowardly dojo completely broke me. He didn't even want to become a demon. I'm literally crying for him now, he deserved better...",reaction
"Giyu using 'Dead Calm' for the first time on Mount Natagumo was the coolest thing I've ever seen. The way the hectic music completely cut out and the screen turned into a quiet, peaceful blue water pond was absolutely jaw-dropping! He is so cool!",reaction
"I am literally screaming at my screen right now! Tanjiro's Sun Halo Dragon head dance animation in Season 3 was absolutely gorgeous! The blend of bright red flames with gold lightning circling around the trees was visually stunning, Ufotable are gods!",reaction
"Just finished reading the manga and I am ugly crying at the final panels. Seeing Tanjiro, Nezuko, Zenitsu, and Inosuke holding hands and smiling under the sun made me sob so hard. They fought so hard to get here, the most beautiful conclusion ever.",reaction
"My heart rate was literally 150 bpm during the entire final episode of the Entertainment District. When Tengen jumped back into the fight with one arm screaming, I have never felt this much adrenaline watching an anime! Absolute peak fiction!",reaction
I can't stop crying after watching Rengoku's crow fly away crying to report his death... Why does a cartoon bird crying make me sob this hard?! And then seeing Giyu's quiet shock. This show knows exactly how to tear your heart out.,reaction
"The Hand Demon was so freaking creepy! When he started growing a bunch of massive arms around his neck and talking about eating Urokodaki's kids, I was literally watching from behind my pillow. The voice acting gave me literal chills down my spine.",reaction
"I just watched the scene where Inosuke starts crying under his boar mask because he couldn't protect Rengoku... Oh my god that broke me. Seeing this wild, aggressive boy completely break down was so devastating to watch. I just want to hug him.",reaction
"I WAS NOT READY FOR THAT UBUYASHIKI HOUSE EXPLOSION! I thought Kagaya was just going to have a peaceful conversation with Muzan, but then he literally blew himself up! The sheer brutality and shock of that scene was insane, my jaw was wide open!",reaction
Hearing Giyu's theme song play when he unlocks his slayer mark during the Akaza fight literally gave me full-body chills! The heavy traditional Japanese drums and intense chanting had me jumping up and down in my room! So incredibly hype!,reaction
"I am currently sobbing into my pillow after reading about Iguro and Mitsuri's deaths... Seeing them hold each other while bleeding out, promising to get married in their next lives... Why did the author do this?! I am devastated beyond words!",reaction
When Zenitsu used 'Thunderclap and Flash: Eight Fold' against Daki... holy shit I screamed so loud! The way the camera followed his perspective as he zipped across the room in a flash of yellow lightning was absolutely mind-blowing!,reaction
"Daki crawling back to Gyutaro's body while screaming and crying 'brother, don't leave me' absolutely wrecked me. I hated her so much, but seeing them reduce to crying children in the snow was so sad. I can't believe I cried for these monsters.",reaction
"I am literally shaking and crying right now. Tanjiro turning into a demon and aggressively attacking Nezuko while she clings to him screaming 'big brother, please stop' is the most heart-wrenching thing ever. I can't take this emotional damage anymore...",reaction
"THE COLD ENTRANCE OF KOKUSHIBO! When he opened all six of those creepy, veiny eyes, my entire body went numb. The absolute silence in the manga panel and the sheer terror Sanemi felt was completely palpable. An absolute waking nightmare!",reaction
I just finished watching episode 19 for the first time and I am completely speechless. The music transition to Kamado Tanjiro no Uta while Nezuko uses her blood burst to help Tanjiro... I literally have tears streaming down my face. A masterpiece.,reaction
"I can't stop laughing at Zenitsu grabbing Tanjiro's face and screaming about dying single while Tanjiro just looks at him with the most disgusted, deadpan expression ever. The comedy in this show is stupid but gets me every single time!",reaction
"Seeing Genya's jaw get sliced off and then he just picks it up and pops it back in like it's nothing... OH MY GOD MY STOMACH TURNED. That was the most metal, disgusting thing I've ever seen in a shonen! Genya is absolutely insane!",reaction
The scene where Muichiro remembers his twin brother Yuichiro and starts crying while his mark activates... oh my god my heart shattered. Seeing his brother's spirit apologize for being harsh was so sad. Wiping tears from my keyboard right now.,reaction
"Tengen Uzui's entrance in the final battle... I LITERALLY JUMPED OUT OF MY BED! Hearing his blades clash and seeing him stand there with one arm, poisoned, smiling and saying he has completed his score... I cheered so loud my throat hurts!",reaction
"I am absolutely devastated after reading Shinobu's death. Seeing Douma casually absorb her while Kanao watches helplessly through the window was the most horrifying thing ever. I can't believe Shinobu is actually gone, I'm sobbing uncontrollably...",reaction
"When Inosuke started throwing a temper tantrum and running around the Butterfly Mansion trying to jump out of the window because his throat was sore... I couldn't stop giggling! He is such a wild, chaotic ball of energy, I love his antics!",reaction
"I am physically sick after watching Gyutaro crawl out of Daki's spine... That was the most unsettling, creepy villain introduction ever! His emaciated body and raspy voice gave me literal shivers running down my spine. Such a great design!",reaction
Just watched the scene where Zenitsu protects Tanjiro's box from Inosuke while getting absolutely beaten to a pulp... I am literally crying tears of respect. He was so terrified but refused to let go because he knew it was important. Best boy!,reaction
"THE RED BLADES IN THE KOKUSHIBO FIGHT! When Gyomei and Sanemi clashed their weapons to turn them bright red and Muichiro stabbed his blade through Koku's spine... I was screaming 'YES GET HIM' so loud! Pure, unfiltered adrenaline!",reaction
"I can't stop sobbing after watching Koyuki's spirit embrace Hakuji in the afterlife. Seeing his demon body crumble away while they cry and hold each other is the most beautiful, tragic thing ever written. I am a complete puddle of tears on the floor.",reaction
THE YORIICHI VS MUZAN FLASHBACK! When Yoriichi effortlessly sliced Muzan into 1500 pieces in a single second while Muzan literally peed himself in terror... I was laughing and cheering so hard! Seeing Muzan humiliated was so incredibly satisfying!,reaction
Just watched the scene where Tanjiro and Nezuko are hugging after the swordsmith village fight under the sun... Oh my god I am crying like a baby. Tanjiro's face when he realized she didn't burn to ash was incredibly moving. Best sibling bond!,reaction
"I am absolutely terrified of Muzan after the Lower Moon meeting scene. The way he read their minds and ruthlessly executed them one by one for simply thinking about running away... his cold, unfeeling eyes gave me literal nightmares. He is terrifying.",reaction
When Mitsuri activated her mark and started zipping through the air slicing Hantengu's lightning dragons... I had a giant grin on my face the whole time! She is so incredibly badass and seeing her get the spotlight was so satisfying! You go girl!,reaction
"I can't stop crying over Tamayo's final words to Muzan as he crushes her head... 'Give me back my husband and children!' The absolute raw pain and hatred in her voice was heartbreaking. She died giving her absolute all, rest in peace legend.",reaction
When Giyu and Sanemi synchronized their breathing styles to attack Muzan... oh my god I was screaming! The water and wind visual effects blending together on screen was the most aesthetically pleasing and hype thing ever! Their teamwork is legendary!,reaction
The scene where the three little butterfly girls are crying and holding onto Aoi and Kanao after the final battle... oh my god that was so sweet and sad. Seeing them finally safe and hugging each other made me shed a few happy tears.,reaction
"I just finished watching Zenitsu's fight with the Spider Demon and my jaw is completely gone. That single, hyper-focused thunder slash... the animation and crisp sound effect was so insanely epic! Absolutely breathtaking sequence by Ufotable!",reaction
"Hearing Tanjiro scream 'Akaza, you coward! Don't run away!' while throwing his sword after him... Oh my god Tanjiro's voice actor deserves an Oscar for that raw, cracking emotion. The sheer frustration completely broke me, I was sobbing along.",reaction
"I can't stop laughing at Inosuke trying to slide down the stairs on his stomach and getting stuck while Zenitsu screams in the background. Their trio dynamic is easily the most chaotic and funny thing in anime, I love these idiots so much!",reaction
The reveal of Sabito and Makomo being ghosts the entire time... WOW I had goosebumps all over my arms! I did not see that twist coming at all! The visual of Sabito's ghost smiling and disappearing into the mist was so beautiful and sad.,reaction
"When Kokushibo saw his hideous, mutated monster reflection in Sanemi's sword and stopped regenerating... oh my god I had literal shivers. Seeing this proud samurai realize he had become a disgusting insect was so chilling. Psychological defeat!",reaction
"I am literally crying happy tears seeing Giyu smile at the end of the manga when he reunites with Sanemi. He has been carrying so much survivor's guilt, seeing him finally let go and smile is the most beautiful conclusion ever for his character.",reaction
"THAT SCENE WHERE MUICHIRO GETS PINNED TO THE PILLAR BY KOKUSHIBO'S SWORD! Oh my god my stomach literally dropped! The sheer speed and brutality of that attack was so terrifying, I was literally covering my mouth in shock! It happened so fast!",reaction
"I just finished watching the Swordsmith Village finale and seeing Haganezuka still aggressively polishing the blade while demons are literally ripping his mask off... I was laughing so hard! He is completely unbothered and insane, easily my favorite character!",reaction
When Zenitsu activated 'God Speed' for the second time inside the collapsing Entertainment District... holy shit I got full body goosebumps! The yellow lightning trail and the sonic boom sound effect had me cheering so loud I woke my dog up!,reaction
I am absolutely devastated after watching Genya eat the hair of Kokushibo... I was literally gagging at my screen! It was so disgusting but at the same time so incredibly badass! I respect his willingness to do literally anything to help his brother.,reaction
"When Muzan was trying to crawl away like a giant, disgusting baby to escape the sun while the slayers pin him down... I was literally screaming 'YES BURN HIM' at my screen! The desperation of the final minutes was so intense my palms were sweating!",reaction
"I am literally sobbing over the scene where Sanemi's father's spirit shoves him back into the living world, telling him he isn't allowed to go to hell with his mother... Oh my god that was so cruel and sad. He woke up completely alone, my heart aches.",reaction
Hearing the ending song 'Homura' start playing as Rengoku closes his eyes and crumbles... Oh my god I lost it. I was crying so loud my roommate came in to check on me. Never has a movie made me feel this level of emotional devastation. Set your heart ablaze!,reaction
When Inosuke used his dual swords to saw through Gyutaro's neck while sliding across the roof... I LITERALLY JUMPED OUT OF MY CHAIR SCREAMING! That was the most chaotic and hype double team ever! Peak shonen action from Ufotable!,reaction
"I just finished the episode where Muzan meets Tanjiro in the middle of Tokyo and the tension was so thick you could cut it with a knife! I was literally holding my breath the whole time, my heart was racing! What an incredible confrontation!",reaction
I am literally wiping tears from my eyes after watching the scene where Shinobu's ghost tells Kanao 'you did well' after they defeat Douma... Kanao finally breaking down and crying was so heartbreakingly beautiful! They avenged their family!,reaction
"THE SHIFTING GRAVITY OF THE INFINITY CASTLE IS SO FREAKING TRIPPY! Seeing the Hashira falling through rooms sideways, paper doors opening to endless staircases... Ufotable's CGI work here is absolutely mind-blowing! I felt dizzy just watching it!",reaction
"I can't stop giggling at Tanjiro trying to feed Inosuke a rice ball while Inosuke is aggressively headbutting him. Tanjiro's infinite patience and motherly aura is the perfect counter to Inosuke's wild energy, they are the best duo ever!",reaction
When Sanemi sliced Kokushibo's neck and his blade turned red right as he screamed Genya's name... oh my god I had goosebumps on my face! The sheer raw emotion and brotherly love was so incredibly powerful! Punching the air in excitement right now!,reaction
"Seeing Giyu's dead calm water pond animation for the first time literally blew my mind! The way the chaotic music suddenly cut out and everything became completely silent and serene was absolute perfection! Such a satisfying, clean technique!",reaction
When Nezuko kicked Daki through multiple buildings in her adult demon form... oh my god I screamed so loud! Seeing her slide across the dirt while laughing hysterically was so incredibly terrifying and hype! She is a literal monster when she locks in!,reaction
"I am literally crying happy tears watching Tanjiro carry Nezuko on his back under the morning sun. I really thought she was going to burn to ash, my heart was in my throat! Seeing her smile and say 'good morning' completely broke me into a million pieces!",reaction
"THAT SUDDEN MUSIC CUT WHEN THE MUZAN VS HASHIRA CLIMAX STARTED! Hearing that intense, traditional Japanese biwa echoing through the Infinity Castle as everyone falls into the dark was absolute peak cinematic direction! Goosebumps everywhere!",reaction
I just finished the episode where Inosuke learns about Shinobu's death and starts yelling that she was like a mother to him... oh my god my heart is shattered. Seeing him break down in tears completely destroyed me. I am sobbing along with him...,reaction
When Zenitsu used thunderclap and flash god speed to save Tanjiro from the collapsing roof... holy shit I got actual shivers! The yellow trail zipping across the screen and that sonic boom was so incredibly crisp! I jumped right out of my seat!,reaction
"I can't stop laughing at Zenitsu aggressively grabbing Tanjiro's face and screaming about dying single while Tanjiro just stares at him with that deadpan, completely disgusted look. The comedic timing makes me laugh so hard every single time I see it!",reaction
